sector,n_obs,pearson_raw,spearman_raw
B.E,18731,0.037387900215897,0.0472739093248119
