model,term,estimate,se,p_value,n_obs
AR1_d_employment,d_employment_l1,0.154652324489208,0.0594400684427835,0.00939797270111135,17609
AR1_d_emissions,d_emissions_l1,-0.111939096195637,0.0426461998408191,0.00878969140952435,17609
AR1_core_residual,resid_core_l1,0.136840478944463,0.0651662219684567,0.0359683695449545,17609
